{
    "pages" : [
        //pages数组中第一项表示应用启动页，参考：https://uniapp.dcloud.io/collocation/pages
        {
            "path" : "pages/index/index",
            "style" : {
                "navigationBarTitleText" : "新闻"
				// "enablePullDownRefresh": true
// 				"enableReachBottom": true,
            }
        },
        {
            "path" : "pages/video/video",
            "style" : {
                "navigationBarTitleText" : "视频",
				 "enablePullDownRefresh": true
            }
        },
        {
            "path" : "pages/user/user",
            "style" : {
                "navigationBarTitleText" : "我的"
            }
        },
        {
            "path" : "pages/info/info",
            "style" : {
				"navigationBarTitleText" : "内容"
				}
        }
    ],
    "globalStyle" : {
        "navigationBarTextStyle" : "black",
        "navigationBarTitleText" : "uni-app",
        "navigationBarBackgroundColor" : "#F8F8F8",
        "backgroundColor" : "#F8F8F8"
    },
    "tabBar" : {
        "color" : "black",
        "selectedColor" : "#8DB6CD",
        "borderStyle" : "black",
        "backgroundColor" : "#CDB7B5",
        "list" : [
            {
                "pagePath" : "pages/index/index",
                "text" : "新闻",
                "iconPath" : "static/icon/news.png",
                "selectedIconPath" : "static/icon/news.png"
            },
            {
                "pagePath" : "pages/video/video",
                "text" : "视频",
                "iconPath" : "static/icon/video.png",
                "selectedIconPath" : "static/icon/video.png"
            },
            {
                "pagePath" : "pages/user/user",
                "text" : "我的",
                "iconPath" : "static/icon/me.png",
                "selectedIconPath" : "static/icon/me.png"
            }
        ]
    }
}
