{
	"pages": [
		//pages数组中第一项表示应用启动页,
		{
			"path": "pages/main/main",
			"style": {
				"navigationBarTitleText": "智能家装",
				"enablePullDownRefresh": true,
				"app-plus": {
					"bounce": "none"
				}
			}
		},
		{
			"path": "pages/information/informationList",
			"style": {
				"navigationBarTitleText": "消息通知"
			}
		},
		{
			"path": "pages/login/login",
			"style": {
				"navigationBarTitleText": "登录"
			}
		},
		{
			"path": "pages/reg/reg",
			"style": {
				"navigationBarTitleText": "注册"
			}
		},
		{
			"path": "pages/pwd/pwd",
			"style": {
				"navigationBarTitleText": "找回密码"
			}
		},
		{
			"path": "pages/user/user",
			"style": {
				"navigationBarTitleText": "我的"
			}
		},
		{
			"path": "pages/myProject/myProject",
			"style": {
				"navigationBarTitleText": "我的项目",
				"app-plus": {
					"bounce": "none"
				}
			}
		},
		{
			"path": "pages/myProject/projectDetail/effectPicture",
			"style": {
				"navigationBarTitleText": "效果图",
				"app-plus": {
					"bounce": "none",
					"titleNView": {
						"buttons": [{
							"text": "下一个",
							"fontSize": "16px",
							"width": "60px"
						}]
					}
				}
			}
		},
		{
			"path": "pages/commercial/commercialOpportunityList",
			"style": {
				"navigationBarTitleText": "商机",
				"app-plus": {
					"bounce": "none",
					"titleNView": {
						"buttons": [{
							"text": "+",
							"width": "60px",
							"fontSize": "30px"
						}]
					}
				}
			}
		},
		{
			"path": "pages/commercial/commercialOpportunityUpdate",
			"style": {
				"navigationBarTitleText": "商机详情",
				"app-plus": {
					"titleNView": {
						"buttons": [{
							"text": "编辑",
							"fontSize": "16px",
							"width": "60px"
						}]
					}
				}
			}
		},
		{
			"path": "pages/myProject/projectDetail/personalManager",
			"style": {
				"navigationBarTitleText": "通讯录",
				"app-plus": {
					"titleNView": {
						"buttons": [{
							"text": "搜索",
							"fontSize": "16px"
						}]
					},
					"bounce": "none"
				}
			}
		},
		{
			"path": "pages/mainChildPage/intelligenceReports",
			"style": {
				"navigationBarTitleText": "智能报表",
				"app-plus":{
					"bounce":"none"
				}
			}
		},
		{
			"path": "pages/mainChildPage/projectMap",
			"style": {
				"navigationBarTitleText": "项目地图"
			}
		},
		{
			"path": "pages/mainChildPage/shoppingCenter",
			"style": {
				"navigationBarTitleText": "商场中心"
			}
		},
		{
			"path": "pages/mainChildPage/tempPage",
			"style": {
				"navigationBarTitleText": "项目平台"
			}
		},
		{
			"path": "pages/myProject/projectDir",
			"style": {
				"navigationBarTitleText": "项目首页",
				"app-plus":{
					"bounce":"none",
					"scrollIndicator": "none"
				}
			}
		},
		{
			"path": "pages/myProject/projectDetail/taskDetail",
			"style": {
				"navigationBarTitleText": "任务详情",
				"app-plus": {
					"titleNView": {
						"buttons": [{
							"text": "评论",
							"width": "60px",
							"fontSize": "16px"
						}]
					}
				}
			}
		},
		{
			"path": "pages/myProject/projectDetail/taskComment",
			"style": {
				"navigationBarTitleText": "任务评论",
				"app-plus": {
					"titleNView": {
						"buttons": [{
							"text": "+",
							"width": "60px",
							"fontSize": "30px"
						}]
					}
				}
			}
		},
		{
			"path": "pages/myProject/projectDetail/projectCheck",
			"style": {
				"navigationBarTitleText": "项目验收"
			}
		},
		{
			"path": "pages/myProject/projectDetail/checkDetail",
			"style": {
				"navigationBarTitleText": "验收详情"
			}
		},
		{
			"path": "pages/myProject/projectDetail/accountDetail",
			"style": {
				"navigationBarTitleText": "结算详情"
			}
		},
		{
			"path": "pages/myProject/tabbar",
			"style": {
				"navigationBarTitleText": "基础信息"
			}
		},
		{
			"path": "pages/myTasks/taskDetailUpdate",
			"style": {
				"navigationBarTitleText": "修改任务"
			}
		},
		{
			"path": "pages/myTasks/myTasks",
			"style": {
				"navigationBarTitleText": "我的任务",
				"app-plus": {
					"titleNView": {
						"buttons": [{
							"text": "搜索",
							"fontSize": "16px"
						}]
					}
				}
			}
		}
	],
	"tabBar": {
		"color": "#7a7e83",
		"selectedColor": "#0faeff",
		"backgroundColor": "#ffffff",
		"list": [{
				"pagePath": "pages/main/main",
				"text": "首页",
				"iconPath": "static/img/home.png",
				"selectedIconPath": "static/img/homeHL.png"
			},
			{
				"pagePath": "pages/information/informationList",
				"text": "消息",
				"iconPath": "static/img/info.png",
				"selectedIconPath": "static/img/infoHL.png"
			},
			{
				"pagePath": "pages/main/main",
				"text": "客服",
				"iconPath": "static/img/customer.png",
				"selectedIconPath": "static/img/customerHL.png"
			},
			{
				"pagePath": "pages/user/user",
				"text": "我的",
				"iconPath": "static/img/user.png",
				"selectedIconPath": "static/img/userHL.png"
			}
		]
	},
	"globalStyle": {
		"navigationBarTextStyle": "white",
		"navigationBarBackgroundColor": "#008ff3",
		"backgroundColor": "#fbf9fe"
	},
	"condition": {
		//模式配置，仅开发期间生效
		"current": 1, //当前激活的模式（list 的索引项）
		"list": [{
				"name": "proMain", //模式名称
				"path": "pages/myProject/projectDir", //启动页面，必选
				"query": "id=11" //启动参数，在页面的onLoad函数里面得到。
			},
			{
				"name": "main",
				"path": "pages/main/main"
			},
			{
				"name": "project",
				"path": "pages/myProject/myProject"
			},
			{
				"name": "myTasks",
				"path": "pages/myTasks/myTasks",
				"query": "index=0"
			},
			{
				"name": "taskDetail",
				"path": "pages/myProject/projectDetail/taskDetail",
				"query": "id=188"
			},
			{
				"name": "taskComment",
				"path": "pages/myProject/projectDetail/taskComment",
				"query": "id=188"
			},
			{
				"name": "taskDetailUpdate",
				"path": "pages/myTasks/taskDetailUpdate",
				"query": "id=74"
			},
			{
				"name": "tabbar",
				"path": "pages/myProject/tabbar",
				"query": "index=3&id=6"
			},
			{
				"name": "checkDetail",
				"path": "pages/myProject/projectDetail/checkDetail",
				"query": "id=6"
			},
			{
				"name": "commercialOpportunityDetail",
				"path": "pages/commercial/commercialOpportunityUpdate",
				"query": "id=530"
			}
		]
	}
}
